DAY,HOUR,DUQ,DUQ per Customer
8/1/2013,100,1575.7,2.7120
8/1/2013,200,1539.2,2.6492
8/1/2013,300,1490.2,2.5649
8/1/2013,400,1472.5,2.5344
8/1/2013,500,1482.4,2.5514
8/1/2013,600,1558.5,2.6824
8/1/2013,700,1678.3,2.8886
8/1/2013,800,1740.8,2.9961
8/1/2013,900,1831.8,3.1528
8/1/2013,1000,1910.9,3.2889
8/1/2013,1100,1975.1,3.3994
8/1/2013,1200,2048.9,3.5264
8/1/2013,1300,2107.4,3.6270
8/1/2013,1400,2162.6,3.7220
8/1/2013,1500,2207.5,3.7993
8/1/2013,1600,2232.7,3.8427
8/1/2013,1700,2265.1,3.8984
8/1/2013,1800,2269.7,3.9063
8/1/2013,1900,2220.3,3.8213
8/1/2013,2000,2141.5,3.6856
8/1/2013,2100,2095.8,3.6070
8/1/2013,2200,2046.5,3.5221
8/1/2013,2300,1928.6,3.3192
8/1/2013,2400,1781.9,3.0667
8/2/2013,100,1642.8,2.8273
8/2/2013,200,1560.9,2.6863
8/2/2013,300,1482.7,2.5518
8/2/2013,400,1440.4,2.4789
8/2/2013,500,1451.2,2.4975
8/2/2013,600,1473.9,2.5366
8/2/2013,700,1584.3,2.7266
8/2/2013,800,1663.6,2.8630
8/2/2013,900,1758.6,3.0265
8/2/2013,1000,1866.2,3.2117
8/2/2013,1100,1957.6,3.3690
8/2/2013,1200,2002.2,3.4457
8/2/2013,1300,2030,3.4935
8/2/2013,1400,2081.5,3.5822
8/2/2013,1500,2068.7,3.5601
8/2/2013,1600,2059.9,3.5450
8/2/2013,1700,2041.7,3.5136
8/2/2013,1800,1944.4,3.3462
8/2/2013,1900,1900.5,3.2706
8/2/2013,2000,1850.6,3.1847
8/2/2013,2100,1841.1,3.1684
8/2/2013,2200,1841.7,3.1694
8/2/2013,2300,1762.3,3.0327
8/2/2013,2400,1669.7,2.8734
8/3/2013,100,1564.3,2.6920
8/3/2013,200,1512.2,2.6023
8/3/2013,300,1453,2.5004
8/3/2013,400,1425.9,2.4538
8/3/2013,500,1421.3,2.4459
8/3/2013,600,1433.1,2.4662
8/3/2013,700,1460.8,2.5138
8/3/2013,800,1474.2,2.5369
8/3/2013,900,1539.6,2.6494
8/3/2013,1000,1605.7,2.7631
8/3/2013,1100,1677.1,2.8860
8/3/2013,1200,1714.2,2.9498
8/3/2013,1300,1776.5,3.0570
8/3/2013,1400,1823.3,3.1376
8/3/2013,1500,1854.7,3.1916
8/3/2013,1600,1901.2,3.2716
8/3/2013,1700,1929.6,3.3204
8/3/2013,1800,1913.8,3.2932
8/3/2013,1900,1867.7,3.2139
8/3/2013,2000,1808.9,3.1127
8/3/2013,2100,1753.9,3.0181
8/3/2013,2200,1734.2,2.9841
8/3/2013,2300,1626.5,2.7988
8/3/2013,2400,1543,2.6551
8/4/2013,100,1446.5,2.4891
8/4/2013,200,1375.4,2.3667
8/4/2013,300,1326.6,2.2827
8/4/2013,400,1279.2,2.2012
8/4/2013,500,1256.3,2.1617
8/4/2013,600,1274.4,2.1929
8/4/2013,700,1281.4,2.2049
8/4/2013,800,1290.2,2.2201
8/4/2013,900,1344.5,2.3135
8/4/2013,1000,1436.6,2.4719
8/4/2013,1100,1506.1,2.5915
8/4/2013,1200,1571.6,2.7042
8/4/2013,1300,1612.2,2.7741
8/4/2013,1400,1647.6,2.8350
8/4/2013,1500,1659.9,2.8561
8/4/2013,1600,1689.7,2.9074
8/4/2013,1700,1734.8,2.9850
8/4/2013,1800,1751.4,3.0135
8/4/2013,1900,1723.6,2.9657
8/4/2013,2000,1686.6,2.9020
8/4/2013,2100,1666.3,2.8671
8/4/2013,2200,1693.2,2.9134
8/4/2013,2300,1635.3,2.8137
8/4/2013,2400,1527.9,2.6289
8/5/2013,100,1433.9,2.4672
8/5/2013,200,1377.7,2.3705
8/5/2013,300,1352.4,2.3269
8/5/2013,400,1341.6,2.3083
8/5/2013,500,1355.6,2.3324
8/5/2013,600,1407.7,2.4220
8/5/2013,700,1505.6,2.5905
8/5/2013,800,1585.5,2.7279
8/5/2013,900,1684,2.8974
8/5/2013,1000,1757.8,3.0244
8/5/2013,1100,1804.7,3.1051
8/5/2013,1200,1899.4,3.2680
8/5/2013,1300,1918.3,3.3005
8/5/2013,1400,1938.2,3.3347
8/5/2013,1500,1958,3.3688
8/5/2013,1600,1997,3.4359
8/5/2013,1700,1961.2,3.3743
8/5/2013,1800,1909.4,3.2851
8/5/2013,1900,1872,3.2208
8/5/2013,2000,1842,3.1691
8/5/2013,2100,1850.4,3.1836
8/5/2013,2200,1841.8,3.1688
8/5/2013,2300,1731.4,2.9788
8/5/2013,2400,1605.7,2.7626
8/6/2013,100,1485.2,2.5552
8/6/2013,200,1417.3,2.4384
8/6/2013,300,1387,2.3863
8/6/2013,400,1354.5,2.3303
8/6/2013,500,1366.3,2.3506
8/6/2013,600,1445,2.4860
8/6/2013,700,1535,2.6409
8/6/2013,800,1596.2,2.7461
8/6/2013,900,1692.9,2.9125
8/6/2013,1000,1783,3.0675
8/6/2013,1100,1865.7,3.2098
8/6/2013,1200,1942.6,3.3420
8/6/2013,1300,2026.3,3.4860
8/6/2013,1400,2051.8,3.5299
8/6/2013,1500,2123.3,3.6529
8/6/2013,1600,2151,3.7005
8/6/2013,1700,2176.2,3.7439
8/6/2013,1800,2181.8,3.7535
8/6/2013,1900,2147.2,3.6939
8/6/2013,2000,2093.2,3.6010
8/6/2013,2100,2054.1,3.5338
8/6/2013,2200,1976.7,3.4006
8/6/2013,2300,1886.7,3.2457
8/6/2013,2400,1701,2.9263
8/7/2013,100,1554.3,2.6739
8/7/2013,200,1480.9,2.5476
8/7/2013,300,1437.1,2.4723
8/7/2013,400,1408,2.4222
8/7/2013,500,1400.1,2.4086
8/7/2013,600,1493.2,2.5687
8/7/2013,700,1562.2,2.6874
8/7/2013,800,1653.2,2.8440
8/7/2013,900,1746.5,3.0045
8/7/2013,1000,1857.6,3.1956
8/7/2013,1100,1973.3,3.3946
8/7/2013,1200,2009.6,3.4570
8/7/2013,1300,2097.6,3.6084
8/7/2013,1400,2209.6,3.8010
8/7/2013,1500,2299.9,3.9564
8/7/2013,1600,2367.5,4.0726
8/7/2013,1700,2355.7,4.0523
8/7/2013,1800,2276.2,3.9156
8/7/2013,1900,2157.1,3.7107
8/7/2013,2000,2084.3,3.5854
8/7/2013,2100,2058.2,3.5405
8/7/2013,2200,2030.7,3.4932
8/7/2013,2300,1886.3,3.2448
8/7/2013,2400,1770.3,3.0452
8/8/2013,100,1656.6,2.8496
8/8/2013,200,1577.3,2.7132
8/8/2013,300,1538,2.6456
8/8/2013,400,1514.2,2.6047
8/8/2013,500,1506.5,2.5914
8/8/2013,600,1573.8,2.7072
8/8/2013,700,1685.4,2.8991
8/8/2013,800,1769.7,3.0441
8/8/2013,900,1862.1,3.2031
8/8/2013,1000,2006.7,3.4518
8/8/2013,1100,2113.7,3.6358
8/8/2013,1200,2205.7,3.7940
8/8/2013,1300,2303.6,3.9624
8/8/2013,1400,2393.3,4.1167
8/8/2013,1500,2497.7,4.2963
8/8/2013,1600,2562.2,4.4072
8/8/2013,1700,2583.5,4.4438
8/8/2013,1800,2583.9,4.4445
8/8/2013,1900,2513.7,4.3237
8/8/2013,2000,2432,4.1832
8/8/2013,2100,2396.6,4.1223
8/8/2013,2200,2306.8,3.9678
8/8/2013,2300,2164.8,3.7236
8/8/2013,2400,1990.1,3.4231
8/9/2013,100,1858.4,3.1965
8/9/2013,200,1751.8,3.0131
8/9/2013,300,1724.7,2.9665
8/9/2013,400,1703.3,2.9297
8/9/2013,500,1716.4,2.9522
8/9/2013,600,1775.3,3.0535
8/9/2013,700,1880.2,3.2339
8/9/2013,800,1956.2,3.3646
8/9/2013,900,2047.8,3.5222
8/9/2013,1000,2125.7,3.6562
8/9/2013,1100,2195,3.7753
8/9/2013,1200,2252.8,3.8747
8/9/2013,1300,2229.9,3.8353
8/9/2013,1400,2260.3,3.8876
8/9/2013,1500,2242.9,3.8577
8/9/2013,1600,2201.5,3.7865
8/9/2013,1700,2224.4,3.8258
8/9/2013,1800,2210.2,3.8014
8/9/2013,1900,2146.4,3.6917
8/9/2013,2000,2052.3,3.5298
8/9/2013,2100,2001.5,3.4424
8/9/2013,2200,1937.5,3.3323
8/9/2013,2300,1823.8,3.1368
8/9/2013,2400,1698.3,2.9209
8/10/2013,100,1544.6,2.6565
8/10/2013,200,1468.8,2.5262
8/10/2013,300,1404.8,2.4161
8/10/2013,400,1359.7,2.3385
8/10/2013,500,1367,2.3511
8/10/2013,600,1396.3,2.4014
8/10/2013,700,1423.5,2.4482
8/10/2013,800,1464.2,2.5182
8/10/2013,900,1571.6,2.7029
8/10/2013,1000,1680.1,2.8895
8/10/2013,1100,1790.7,3.0797
8/10/2013,1200,1878.3,3.2304
8/10/2013,1300,1952.5,3.3579
8/10/2013,1400,2026.6,3.4854
8/10/2013,1500,2050.9,3.5272
8/10/2013,1600,2090.8,3.5958
8/10/2013,1700,2066.4,3.5538
8/10/2013,1800,2079.6,3.5765
8/10/2013,1900,2047.4,3.5211
8/10/2013,2000,1976.6,3.3993
8/10/2013,2100,1937.8,3.3326
8/10/2013,2200,1907.1,3.2798
8/10/2013,2300,1831.4,3.1496
8/10/2013,2400,1715.5,2.9502
8/11/2013,100,1581.3,2.7194
8/11/2013,200,1505.8,2.5896
8/11/2013,300,1441.8,2.4795
8/11/2013,400,1390,2.3904
8/11/2013,500,1361,2.3405
8/11/2013,600,1346.3,2.3153
8/11/2013,700,1346.4,2.3154
8/11/2013,800,1366.2,2.3495
8/11/2013,900,1433.7,2.4655
8/11/2013,1000,1533.2,2.6366
8/11/2013,1100,1627.6,2.7990
8/11/2013,1200,1722.8,2.9627
8/11/2013,1300,1806.4,3.1064
8/11/2013,1400,1914.7,3.2927
8/11/2013,1500,1990.9,3.4237
8/11/2013,1600,2067.9,3.5561
8/11/2013,1700,2119.6,3.6450
8/11/2013,1800,2123.1,3.6510
8/11/2013,1900,2046.6,3.5194
8/11/2013,2000,2011.5,3.4591
8/11/2013,2100,2020.5,3.4745
8/11/2013,2200,2014,3.4633
8/11/2013,2300,1930.6,3.3199
8/11/2013,2400,1803.7,3.1017
8/12/2013,100,1694.9,2.9146
8/12/2013,200,1585.9,2.7271
8/12/2013,300,1560.1,2.6827
8/12/2013,400,1520.7,2.6150
8/12/2013,500,1529.7,2.6304
8/12/2013,600,1583.5,2.7230
8/12/2013,700,1671.6,2.8744
8/12/2013,800,1756.1,3.0197
8/12/2013,900,1876.1,3.2261
8/12/2013,1000,1955.2,3.3621
8/12/2013,1100,2106.8,3.6227
8/12/2013,1200,2196,3.7761
8/12/2013,1300,2263.9,3.8929
8/12/2013,1400,2369.7,4.0748
8/12/2013,1500,2408.1,4.1408
8/12/2013,1600,2447.1,4.2078
8/12/2013,1700,2471.1,4.2491
8/12/2013,1800,2465.3,4.2391
8/12/2013,1900,2418.6,4.1588
8/12/2013,2000,2345.5,4.0331
8/12/2013,2100,2317,3.9841
8/12/2013,2200,2262.6,3.8905
8/12/2013,2300,2088.3,3.5908
8/12/2013,2400,1906.9,3.2789
8/13/2013,100,1775.9,3.0536
8/13/2013,200,1689.3,2.9047
8/13/2013,300,1619.9,2.7853
8/13/2013,400,1606.5,2.7623
8/13/2013,500,1613.3,2.7740
8/13/2013,600,1672.3,2.8754
8/13/2013,700,1784.8,3.0688
8/13/2013,800,1834.2,3.1538
8/13/2013,900,1899.4,3.2659
8/13/2013,1000,2014.8,3.4643
8/13/2013,1100,2077,3.5712
8/13/2013,1200,2142,3.6830
8/13/2013,1300,2201.8,3.7858
8/13/2013,1400,2234.8,3.8425
8/13/2013,1500,2233.8,3.8408
8/13/2013,1600,2238.5,3.8488
8/13/2013,1700,2273.4,3.9088
8/13/2013,1800,2197,3.7774
8/13/2013,1900,2056.8,3.5364
8/13/2013,2000,1929.8,3.3180
8/13/2013,2100,1893,3.2547
8/13/2013,2200,1838.2,3.1605
8/13/2013,2300,1690.7,2.9069
8/13/2013,2400,1548.9,2.6631
8/14/2013,100,1442,2.4793
8/14/2013,200,1388,2.3864
8/14/2013,300,1369,2.3537
8/14/2013,400,1350.5,2.3219
8/14/2013,500,1339.7,2.3033
8/14/2013,600,1399.1,2.4055
8/14/2013,700,1486.8,2.5562
8/14/2013,800,1554.9,2.6733
8/14/2013,900,1623.8,2.7918
8/14/2013,1000,1689.7,2.9051
8/14/2013,1100,1732.1,2.9779
8/14/2013,1200,1747.7,3.0047
8/14/2013,1300,1762,3.0293
8/14/2013,1400,1764.3,3.0333
8/14/2013,1500,1760.5,3.0267
8/14/2013,1600,1768.5,3.0405
8/14/2013,1700,1815,3.1204
8/14/2013,1800,1784.9,3.0686
8/14/2013,1900,1764.7,3.0339
8/14/2013,2000,1704.4,2.9302
8/14/2013,2100,1733.2,2.9797
8/14/2013,2200,1704.2,2.9299
8/14/2013,2300,1607.3,2.7633
8/14/2013,2400,1463.8,2.5165
8/15/2013,100,1393.2,2.3952
8/15/2013,200,1351.5,2.3235
8/15/2013,300,1318.2,2.2662
8/15/2013,400,1313.4,2.2580
8/15/2013,500,1311.9,2.2554
8/15/2013,600,1372.7,2.3599
8/15/2013,700,1451.9,2.4960
8/15/2013,800,1513.1,2.6012
8/15/2013,900,1599.4,2.7496
8/15/2013,1000,1696.5,2.9165
8/15/2013,1100,1733.5,2.9801
8/15/2013,1200,1779.3,3.0588
8/15/2013,1300,1820.4,3.1295
8/15/2013,1400,1852.4,3.1845
8/15/2013,1500,1855.2,3.1893
8/15/2013,1600,1854,3.1872
8/15/2013,1700,1894.6,3.2570
8/15/2013,1800,1891.7,3.2520
8/15/2013,1900,1857,3.1923
8/15/2013,2000,1817,3.1235
8/15/2013,2100,1791.8,3.0802
8/15/2013,2200,1760.8,3.0269
8/15/2013,2300,1649.4,2.8354
8/15/2013,2400,1537.8,2.6435
8/16/2013,100,1435,2.4668
8/16/2013,200,1380.5,2.3731
8/16/2013,300,1330.3,2.2868
8/16/2013,400,1321.3,2.2713
8/16/2013,500,1344.2,2.3107
8/16/2013,600,1398.9,2.4047
8/16/2013,700,1492.2,2.5651
8/16/2013,800,1549,2.6627
8/16/2013,900,1643.7,2.8255
8/16/2013,1000,1735.4,2.9831
8/16/2013,1100,1785.8,3.0698
8/16/2013,1200,1841.2,3.1650
8/16/2013,1300,1907.1,3.2782
8/16/2013,1400,1939.4,3.3338
8/16/2013,1500,1964.4,3.3767
8/16/2013,1600,2005.3,3.4470
8/16/2013,1700,2011,3.4568
8/16/2013,1800,1975.4,3.3956
8/16/2013,1900,1914.3,3.2906
8/16/2013,2000,1840.5,3.1637
8/16/2013,2100,1809.8,3.1109
8/16/2013,2200,1748.3,3.0052
8/16/2013,2300,1639.6,2.8183
8/16/2013,2400,1518.9,2.6108
8/17/2013,100,1440.4,2.4759
8/17/2013,200,1368.5,2.3523
8/17/2013,300,1334,2.2930
8/17/2013,400,1313.7,2.2581
8/17/2013,500,1294.9,2.2258
8/17/2013,600,1312.3,2.2557
8/17/2013,700,1330.5,2.2869
8/17/2013,800,1359.7,2.3371
8/17/2013,900,1444.3,2.4825
8/17/2013,1000,1554,2.6711
8/17/2013,1100,1636.9,2.8136
8/17/2013,1200,1691.9,2.9081
8/17/2013,1300,1743.9,2.9975
8/17/2013,1400,1781.6,3.0623
8/17/2013,1500,1817,3.1231
8/17/2013,1600,1834.2,3.1526
8/17/2013,1700,1834.2,3.1526
8/17/2013,1800,1817.9,3.1246
8/17/2013,1900,1773.3,3.0479
8/17/2013,2000,1730.3,2.9740
8/17/2013,2100,1750.8,3.0092
8/17/2013,2200,1715.9,2.9492
8/17/2013,2300,1638.6,2.8164
8/17/2013,2400,1522.8,2.6173
8/18/2013,100,1439.4,2.4740
8/18/2013,200,1389.2,2.3877
8/18/2013,300,1337,2.2980
8/18/2013,400,1312,2.2550
8/18/2013,500,1319,2.2670
8/18/2013,600,1318.8,2.2667
8/18/2013,700,1322.5,2.2730
8/18/2013,800,1342.2,2.3069
8/18/2013,900,1396.4,2.4000
8/18/2013,1000,1459.6,2.5086
8/18/2013,1100,1541.9,2.6501
8/18/2013,1200,1592.8,2.7375
8/18/2013,1300,1638.8,2.8166
8/18/2013,1400,1675.5,2.8796
8/18/2013,1500,1704.7,2.9298
8/18/2013,1600,1715.9,2.9491
8/18/2013,1700,1709.7,2.9384
8/18/2013,1800,1728.3,2.9704
8/18/2013,1900,1719,2.9544
8/18/2013,2000,1725.1,2.9648
8/18/2013,2100,1768.6,3.0396
8/18/2013,2200,1755.8,3.0176
8/18/2013,2300,1659.8,2.8526
8/18/2013,2400,1550.5,2.6647
8/19/2013,100,1463.2,2.5147
8/19/2013,200,1424.2,2.4476
8/19/2013,300,1386.3,2.3825
8/19/2013,400,1382.2,2.3754
8/19/2013,500,1400.8,2.4074
8/19/2013,600,1497.2,2.5731
8/19/2013,700,1608.7,2.7647
8/19/2013,800,1697.9,2.9180
8/19/2013,900,1780.8,3.0604
8/19/2013,1000,1833.9,3.1517
8/19/2013,1100,1894.1,3.2551
8/19/2013,1200,1958.4,3.3656
8/19/2013,1300,1970.7,3.3867
8/19/2013,1400,2017.2,3.4666
8/19/2013,1500,2068.9,3.5555
8/19/2013,1600,2109.4,3.6251
8/19/2013,1700,2154.4,3.7024
8/19/2013,1800,2167.1,3.7242
8/19/2013,1900,2115,3.6346
8/19/2013,2000,2051.3,3.5252
8/19/2013,2100,2013.3,3.4598
8/19/2013,2200,1943.5,3.3399
8/19/2013,2300,1806.8,3.1050
8/19/2013,2400,1640.2,2.8186
8/20/2013,100,1510.5,2.5958
8/20/2013,200,1416.2,2.4337
8/20/2013,300,1364,2.3440
8/20/2013,400,1355.7,2.3297
8/20/2013,500,1360.8,2.3385
8/20/2013,600,1405.4,2.4151
8/20/2013,700,1502.1,2.5813
8/20/2013,800,1585.3,2.7242
8/20/2013,900,1684.2,2.8942
8/20/2013,1000,1808.2,3.1072
8/20/2013,1100,1927.4,3.3121
8/20/2013,1200,2017.5,3.4669
8/20/2013,1300,2076,3.5674
8/20/2013,1400,2170.7,3.7301
8/20/2013,1500,2244.1,3.8562
8/20/2013,1600,2256.7,3.8779
8/20/2013,1700,2278.7,3.9157
8/20/2013,1800,2263.9,3.8902
8/20/2013,1900,2212.9,3.8026
8/20/2013,2000,2131.1,3.6620
8/20/2013,2100,2115.8,3.6357
8/20/2013,2200,2038.4,3.5027
8/20/2013,2300,1883.2,3.2360
8/20/2013,2400,1725.4,2.9648
8/21/2013,100,1590.9,2.7337
8/21/2013,200,1486.2,2.5538
8/21/2013,300,1445.1,2.4831
8/21/2013,400,1424.2,2.4472
8/21/2013,500,1412.6,2.4273
8/21/2013,600,1473.9,2.5326
8/21/2013,700,1584.3,2.7223
8/21/2013,800,1667.3,2.8649
8/21/2013,900,1769.3,3.0402
8/21/2013,1000,1879.4,3.2293
8/21/2013,1100,1986.1,3.4127
8/21/2013,1200,2105.3,3.6175
8/21/2013,1300,2188.9,3.7611
8/21/2013,1400,2312.1,3.9728
8/21/2013,1500,2391.8,4.1097
8/21/2013,1600,2447.9,4.2061
8/21/2013,1700,2457.7,4.2229
8/21/2013,1800,2413.8,4.1475
8/21/2013,1900,2355.9,4.0480
8/21/2013,2000,2263.9,3.8899
8/21/2013,2100,2263.2,3.8887
8/21/2013,2200,2200.2,3.7804
8/21/2013,2300,2046.9,3.5170
8/21/2013,2400,1870.9,3.2146
8/22/2013,100,1735.5,2.9819
8/22/2013,200,1649.5,2.8341
8/22/2013,300,1607.4,2.7618
8/22/2013,400,1567.2,2.6927
8/22/2013,500,1546.8,2.6577
8/22/2013,600,1615.5,2.7757
8/22/2013,700,1722.5,2.9595
8/22/2013,800,1759.8,3.0236
8/22/2013,900,1830.2,3.1445
8/22/2013,1000,1945.4,3.3425
8/22/2013,1100,2087.2,3.5861
8/22/2013,1200,2276.8,3.9118
8/22/2013,1300,2370.3,4.0725
8/22/2013,1400,2442.8,4.1970
8/22/2013,1500,2424.5,4.1655
8/22/2013,1600,2304.9,3.9601
8/22/2013,1700,2344.6,4.0282
8/22/2013,1800,2377.4,4.0846
8/22/2013,1900,2319,3.9842
8/22/2013,2000,2244,3.8554
8/22/2013,2100,2246.5,3.8596
8/22/2013,2200,2157.5,3.7067
8/22/2013,2300,1972.2,3.3884
8/22/2013,2400,1818,3.1234
8/23/2013,100,1695.8,2.9135
8/23/2013,200,1617.5,2.7789
8/23/2013,300,1542.1,2.6494
8/23/2013,400,1525,2.6200
8/23/2013,500,1533.2,2.6341
8/23/2013,600,1619.3,2.7820
8/23/2013,700,1743.3,2.9950
8/23/2013,800,1830.9,3.1455
8/23/2013,900,1899.1,3.2627
8/23/2013,1000,1937.8,3.3291
8/23/2013,1100,1984.6,3.4095
8/23/2013,1200,2067.4,3.5518
8/23/2013,1300,2162.2,3.7146
8/23/2013,1400,2241.1,3.8501
8/23/2013,1500,2287.7,3.9302
8/23/2013,1600,2300.6,3.9523
8/23/2013,1700,2311,3.9702
8/23/2013,1800,2275.8,3.9097
8/23/2013,1900,2212.9,3.8016
8/23/2013,2000,2104.2,3.6149
8/23/2013,2100,2043.4,3.5104
8/23/2013,2200,1947,3.3448
8/23/2013,2300,1798.2,3.0892
8/23/2013,2400,1667.4,2.8644
8/24/2013,100,1548.4,2.6600
8/24/2013,200,1456.7,2.5025
8/24/2013,300,1399.8,2.4047
8/24/2013,400,1363.6,2.3425
8/24/2013,500,1336.4,2.2958
8/24/2013,600,1339.7,2.3014
8/24/2013,700,1372.8,2.3583
8/24/2013,800,1406.8,2.4167
8/24/2013,900,1508.5,2.5914
8/24/2013,1000,1618.5,2.7803
8/24/2013,1100,1712.8,2.9423
8/24/2013,1200,1800.2,3.0925
8/24/2013,1300,1864.8,3.2034
8/24/2013,1400,1926.6,3.3096
8/24/2013,1500,1956.9,3.3616
8/24/2013,1600,2001.8,3.4387
8/24/2013,1700,2037.1,3.4994
8/24/2013,1800,2039.1,3.5028
8/24/2013,1900,2010.3,3.4533
8/24/2013,2000,1935.4,3.3246
8/24/2013,2100,1905.3,3.2729
8/24/2013,2200,1848.4,3.1751
8/24/2013,2300,1740.1,2.9891
8/24/2013,2400,1613.7,2.7720
8/25/2013,100,1517.4,2.6065
8/25/2013,200,1438.8,2.4715
8/25/2013,300,1381,2.3722
8/25/2013,400,1358.3,2.3332
8/25/2013,500,1337.9,2.2982
8/25/2013,600,1328.5,2.2820
8/25/2013,700,1334.5,2.2923
8/25/2013,800,1344.2,2.3090
8/25/2013,900,1413.8,2.4285
8/25/2013,1000,1526.6,2.6223
8/25/2013,1100,1647.1,2.8292
8/25/2013,1200,1760,3.0232
8/25/2013,1300,1822.3,3.1302
8/25/2013,1400,1903.2,3.2691
8/25/2013,1500,1963.3,3.3723
8/25/2013,1600,2019.4,3.4687
8/25/2013,1700,2083.4,3.5786
8/25/2013,1800,2117,3.6363
8/25/2013,1900,2087.5,3.5856
8/25/2013,2000,2026.4,3.4807
8/25/2013,2100,2030.9,3.4884
8/25/2013,2200,1996.5,3.4293
8/25/2013,2300,1883.1,3.2345
8/25/2013,2400,1749.8,3.0055
8/26/2013,100,1638.3,2.8140
8/26/2013,200,1556.9,2.6742
8/26/2013,300,1491,2.5610
8/26/2013,400,1466.3,2.5185
8/26/2013,500,1496.2,2.5699
8/26/2013,600,1533.2,2.6334
8/26/2013,700,1663.9,2.8579
8/26/2013,800,1728.6,2.9690
8/26/2013,900,1865.6,3.2043
8/26/2013,1000,1967.9,3.3800
8/26/2013,1100,2086.9,3.5844
8/26/2013,1200,2197.8,3.7748
8/26/2013,1300,2275.3,3.9079
8/26/2013,1400,2375.9,4.0807
8/26/2013,1500,2470.6,4.2434
8/26/2013,1600,2520.9,4.3297
8/26/2013,1700,2511.6,4.3137
8/26/2013,1800,2454.7,4.2160
8/26/2013,1900,2420.7,4.1576
8/26/2013,2000,2324.8,3.9929
8/26/2013,2100,2307.4,3.9630
8/26/2013,2200,2235.9,3.8402
8/26/2013,2300,2066.9,3.5499
8/26/2013,2400,1916.2,3.2910
8/27/2013,100,1780.6,3.0581
8/27/2013,200,1705.7,2.9295
8/27/2013,300,1653.5,2.8398
8/27/2013,400,1650.2,2.8342
8/27/2013,500,1650.1,2.8340
8/27/2013,600,1718.9,2.9521
8/27/2013,700,1854.8,3.1855
8/27/2013,800,1946.9,3.3437
8/27/2013,900,2037.8,3.4998
8/27/2013,1000,2150.2,3.6928
8/27/2013,1100,2223.2,3.8182
8/27/2013,1200,2293.4,3.9387
8/27/2013,1300,2289,3.9312
8/27/2013,1400,2324.7,3.9925
8/27/2013,1500,2343.1,4.0240
8/27/2013,1600,2401.4,4.1241
8/27/2013,1700,2400,4.1217
8/27/2013,1800,2460.4,4.2254
8/27/2013,1900,2379.6,4.0867
8/27/2013,2000,2314.6,3.9750
8/27/2013,2100,2327.5,3.9972
8/27/2013,2200,2229.3,3.8285
8/27/2013,2300,2089.4,3.5882
8/27/2013,2400,1921.7,3.3002
8/28/2013,100,1776.5,3.0509
8/28/2013,200,1719.1,2.9523
8/28/2013,300,1678.9,2.8832
8/28/2013,400,1633.2,2.8047
8/28/2013,500,1689.9,2.9021
8/28/2013,600,1760.8,3.0238
8/28/2013,700,1900.2,3.2632
8/28/2013,800,2011.5,3.4543
8/28/2013,900,2050.4,3.5211
8/28/2013,1000,2113.5,3.6295
8/28/2013,1100,2172.8,3.7313
8/28/2013,1200,2228.5,3.8269
8/28/2013,1300,2271.3,3.9004
8/28/2013,1400,2301.7,3.9526
8/28/2013,1500,2322.6,3.9885
8/28/2013,1600,2299.9,3.9495
8/28/2013,1700,2288.4,3.9297
8/28/2013,1800,2319.8,3.9837
8/28/2013,1900,2263.1,3.8863
8/28/2013,2000,2232.4,3.8335
8/28/2013,2100,2247.1,3.8588
8/28/2013,2200,2142.2,3.6786
8/28/2013,2300,2004.5,3.4421
8/28/2013,2400,1851.2,3.1789
8/29/2013,100,1736.9,2.9826
8/29/2013,200,1654.5,2.8411
8/29/2013,300,1618.5,2.7793
8/29/2013,400,1567.6,2.6919
8/29/2013,500,1574.1,2.7030
8/29/2013,600,1664.1,2.8575
8/29/2013,700,1808,3.1046
8/29/2013,800,1871.7,3.2140
8/29/2013,900,1986.3,3.4108
8/29/2013,1000,2044.4,3.5105
8/29/2013,1100,2200.4,3.7784
8/29/2013,1200,2287,3.9271
8/29/2013,1300,2359.1,4.0509
8/29/2013,1400,2458.5,4.2215
8/29/2013,1500,2525.9,4.3373
8/29/2013,1600,2578.5,4.4276
8/29/2013,1700,2611.7,4.4846
8/29/2013,1800,2619,4.4971
8/29/2013,1900,2543.6,4.3676
8/29/2013,2000,2449.3,4.2057
8/29/2013,2100,2419.7,4.1548
8/29/2013,2200,2309.4,3.9654
8/29/2013,2300,2115.2,3.6319
8/29/2013,2400,1939.9,3.3309
8/30/2013,100,1791,3.0752
8/30/2013,200,1693.6,2.9080
8/30/2013,300,1646.7,2.8275
8/30/2013,400,1604.9,2.7557
8/30/2013,500,1602,2.7507
8/30/2013,600,1657.4,2.8458
8/30/2013,700,1797.7,3.0867
8/30/2013,800,1856.9,3.1883
8/30/2013,900,1966.7,3.3768
8/30/2013,1000,2115.5,3.6323
8/30/2013,1100,2246.1,3.8565
8/30/2013,1200,2366.2,4.0627
8/30/2013,1300,2441,4.1912
8/30/2013,1400,2545.4,4.3704
8/30/2013,1500,2615.9,4.4914
8/30/2013,1600,2645.3,4.5419
8/30/2013,1700,2620.5,4.4993
8/30/2013,1800,2632,4.5190
8/30/2013,1900,2547.8,4.3744
8/30/2013,2000,2420.1,4.1552
8/30/2013,2100,2383.1,4.0916
8/30/2013,2200,2292.8,3.9366
8/30/2013,2300,2143.8,3.6807
8/30/2013,2400,1988.4,3.4139
8/31/2013,100,1857.3,3.1888
8/31/2013,200,1754.6,3.0125
8/31/2013,300,1691.9,2.9048
8/31/2013,400,1637.1,2.8107
8/31/2013,500,1602.7,2.7517
8/31/2013,600,1616.8,2.7759
8/31/2013,700,1651.7,2.8358
8/31/2013,800,1675,2.8758
8/31/2013,900,1754.1,3.0116
8/31/2013,1000,1863.1,3.1987
8/31/2013,1100,1934.7,3.3216
8/31/2013,1200,2044.2,3.5096
8/31/2013,1300,2157.9,3.7048
8/31/2013,1400,2275.2,3.9062
8/31/2013,1500,2331.3,4.0025
8/31/2013,1600,2391.4,4.1056
8/31/2013,1700,2400.5,4.1212
8/31/2013,1800,2409.1,4.1360
8/31/2013,1900,2367.6,4.0647
8/31/2013,2000,2296.6,3.9428
8/31/2013,2100,2300.2,3.9490
8/31/2013,2200,2221.1,3.8132
8/31/2013,2300,2110.6,3.6234
8/31/2013,2400,1979.8,3.3989
9/1/2013,100,1854.2,3.1832
9/1/2013,200,1752.4,3.0085
9/1/2013,300,1684.6,2.8921
9/1/2013,400,1613.3,2.7696
9/1/2013,500,1577.4,2.7080
9/1/2013,600,1573.7,2.7016
9/1/2013,700,1597.3,2.7421
9/1/2013,800,1614.7,2.7720
9/1/2013,900,1681.6,2.8868
9/1/2013,1000,1755.5,3.0137
9/1/2013,1100,1838,3.1553
9/1/2013,1200,1887.2,3.2398
9/1/2013,1300,1918.3,3.2932
9/1/2013,1400,1951.2,3.3496
9/1/2013,1500,1938.6,3.3280
9/1/2013,1600,1943.4,3.3362
9/1/2013,1700,1989.9,3.4160
9/1/2013,1800,2013.4,3.4564
9/1/2013,1900,2047,3.5140
9/1/2013,2000,2004.1,3.4404
9/1/2013,2100,2013.3,3.4561
9/1/2013,2200,1968.2,3.3787
9/1/2013,2300,1882.3,3.2312
9/1/2013,2400,1763.4,3.0271
9/2/2013,100,1655.7,2.8422
9/2/2013,200,1573.4,2.7009
9/2/2013,300,1514.7,2.6002
9/2/2013,400,1478.7,2.5384
9/2/2013,500,1476.8,2.5351
9/2/2013,600,1511.9,2.5953
9/2/2013,700,1553.3,2.6664
9/2/2013,800,1553.4,2.6666
9/2/2013,900,1640.1,2.8154
9/2/2013,1000,1774,3.0452
9/2/2013,1100,1918.8,3.2938
9/2/2013,1200,2042.1,3.5054
9/2/2013,1300,2155.6,3.7002
9/2/2013,1400,2256.6,3.8736
9/2/2013,1500,2318.5,3.9798
9/2/2013,1600,2375.2,4.0771
9/2/2013,1700,2410.7,4.1381
9/2/2013,1800,2337.9,4.0131
9/2/2013,1900,2261.4,3.8818
9/2/2013,2000,2180.1,3.7422
9/2/2013,2100,2173.1,3.7302
9/2/2013,2200,2105.2,3.6136
9/2/2013,2300,1949,3.3455
9/2/2013,2400,1773.4,3.0440
9/3/2013,100,1654.4,2.8398
9/3/2013,200,1566,2.6880
9/3/2013,300,1504.1,2.5818
9/3/2013,400,1475.4,2.5325
9/3/2013,500,1480,2.5404
9/3/2013,600,1565.3,2.6868
9/3/2013,700,1663.8,2.8558
9/3/2013,800,1720.9,2.9538
9/3/2013,900,1776.9,3.0499
9/3/2013,1000,1815.6,3.1164
9/3/2013,1100,1878.7,3.2247
9/3/2013,1200,1911.1,3.2803
9/3/2013,1300,1940.8,3.3312
9/3/2013,1400,1951.5,3.3496
9/3/2013,1500,1934.8,3.3209
9/3/2013,1600,1939.7,3.3293
9/3/2013,1700,1926.7,3.3070
9/3/2013,1800,1876.6,3.2210
9/3/2013,1900,1809.2,3.1053
9/3/2013,2000,1780.9,3.0567
9/3/2013,2100,1793.5,3.0783
9/3/2013,2200,1732.7,2.9739
9/3/2013,2300,1610.9,2.7649
9/3/2013,2400,1507.3,2.5871
9/4/2013,100,1389.6,2.3850
9/4/2013,200,1325.2,2.2745
9/4/2013,300,1295.1,2.2228
9/4/2013,400,1258.3,2.1597
9/4/2013,500,1280,2.1969
9/4/2013,600,1351.3,2.3193
9/4/2013,700,1466.6,2.5171
9/4/2013,800,1555.3,2.6694
9/4/2013,900,1626.5,2.7916
9/4/2013,1000,1679,2.8817
9/4/2013,1100,1765.2,3.0296
9/4/2013,1200,1800.7,3.0905
9/4/2013,1300,1822,3.1271
9/4/2013,1400,1880.3,3.2271
9/4/2013,1500,1946,3.3399
9/4/2013,1600,1988.4,3.4126
9/4/2013,1700,2019.8,3.4665
9/4/2013,1800,2016,3.4600
9/4/2013,1900,1992.3,3.4193
9/4/2013,2000,1926.9,3.3070
9/4/2013,2100,1930.2,3.3127
9/4/2013,2200,1842.4,3.1620
9/4/2013,2300,1714.3,2.9421
9/4/2013,2400,1577.8,2.7078
9/5/2013,100,1488.9,2.5553
9/5/2013,200,1440.9,2.4729
9/5/2013,300,1394.5,2.3932
9/5/2013,400,1356.7,2.3284
9/5/2013,500,1385.9,2.3785
9/5/2013,600,1467.1,2.5178
9/5/2013,700,1589,2.7270
9/5/2013,800,1680.9,2.8847
9/5/2013,900,1756.6,3.0146
9/5/2013,1000,1796.1,3.0824
9/5/2013,1100,1836.9,3.1524
9/5/2013,1200,1873.9,3.2159
9/5/2013,1300,1932.7,3.3168
9/5/2013,1400,1945.7,3.3391
9/5/2013,1500,1978.9,3.3960
9/5/2013,1600,1955.2,3.3554
9/5/2013,1700,1966.7,3.3751
9/5/2013,1800,1944.7,3.3373
9/5/2013,1900,1898.5,3.2580
9/5/2013,2000,1833.8,3.1470
9/5/2013,2100,1802.3,3.0929
9/5/2013,2200,1738,2.9826
9/5/2013,2300,1591.8,2.7317
9/5/2013,2400,1459.6,2.5048
9/6/2013,100,1374.1,2.3580
9/6/2013,200,1332.2,2.2861
9/6/2013,300,1268.7,2.1772
9/6/2013,400,1244.3,2.1353
9/6/2013,500,1279.3,2.1953
9/6/2013,600,1347.2,2.3118
9/6/2013,700,1474.4,2.5301
9/6/2013,800,1543.7,2.6490
9/6/2013,900,1600.5,2.7465
9/6/2013,1000,1664.8,2.8568
9/6/2013,1100,1706.5,2.9284
9/6/2013,1200,1764.8,3.0284
9/6/2013,1300,1802.4,3.0929
9/6/2013,1400,1796.9,3.0835
9/6/2013,1500,1835.9,3.1504
9/6/2013,1600,1864.6,3.1996
9/6/2013,1700,1860,3.1917
9/6/2013,1800,1840,3.1574
9/6/2013,1900,1751.8,3.0060
9/6/2013,2000,1695.8,2.9099
9/6/2013,2100,1702.9,2.9221
9/6/2013,2200,1645,2.8227
9/6/2013,2300,1547.9,2.6561
9/6/2013,2400,1448.9,2.4862
9/7/2013,100,1358.8,2.3316
9/7/2013,200,1303.4,2.2365
9/7/2013,300,1255.6,2.1545
9/7/2013,400,1234.5,2.1183
9/7/2013,500,1233,2.1157
9/7/2013,600,1252.2,2.1486
9/7/2013,700,1278.7,2.1941
9/7/2013,800,1294.8,2.2217
9/7/2013,900,1370.4,2.3514
9/7/2013,1000,1451,2.4897
9/7/2013,1100,1513.1,2.5963
9/7/2013,1200,1553.6,2.6658
9/7/2013,1300,1603.8,2.7519
9/7/2013,1400,1629.2,2.7955
9/7/2013,1500,1663,2.8534
9/7/2013,1600,1701.2,2.9190
9/7/2013,1700,1733.9,2.9751
9/7/2013,1800,1750.6,3.0037
9/7/2013,1900,1715.3,2.9431
9/7/2013,2000,1699.9,2.9167
9/7/2013,2100,1730.5,2.9692
9/7/2013,2200,1685.5,2.8920
9/7/2013,2300,1615.1,2.7712
9/7/2013,2400,1542.6,2.6468
9/8/2013,100,1465.1,2.5138
9/8/2013,200,1393.8,2.3915
9/8/2013,300,1333.5,2.2880
9/8/2013,400,1291.8,2.2164
9/8/2013,500,1285.8,2.2061
9/8/2013,600,1290.5,2.2142
9/8/2013,700,1312.6,2.2521
9/8/2013,800,1333.1,2.2873
9/8/2013,900,1419.8,2.4360
9/8/2013,1000,1552.1,2.6630
9/8/2013,1100,1668.5,2.8627
9/8/2013,1200,1745.2,2.9943
9/8/2013,1300,1795.1,3.0799
9/8/2013,1400,1844.8,3.1651
9/8/2013,1500,1890,3.2427
9/8/2013,1600,1935,3.3199
9/8/2013,1700,1975,3.3885
9/8/2013,1800,1978.6,3.3947
9/8/2013,1900,1921.3,3.2963
9/8/2013,2000,1890.2,3.2430
9/8/2013,2100,1902.5,3.2641
9/8/2013,2200,1855.3,3.1831
9/8/2013,2300,1739.6,2.9846
9/8/2013,2400,1589.3,2.7267
9/9/2013,100,1491.5,2.5589
9/9/2013,200,1415.6,2.4287
9/9/2013,300,1403.1,2.4072
9/9/2013,400,1404.2,2.4091
9/9/2013,500,1380.3,2.3681
9/9/2013,600,1455,2.4962
9/9/2013,700,1595.2,2.7367
9/9/2013,800,1682.2,2.8860
9/9/2013,900,1735.7,2.9778
9/9/2013,1000,1809.6,3.1045
9/9/2013,1100,1931,3.3128
9/9/2013,1200,2005,3.4397
9/9/2013,1300,2048.1,3.5137
9/9/2013,1400,2123,3.6421
9/9/2013,1500,2195.5,3.7665
9/9/2013,1600,2234.3,3.8331
9/9/2013,1700,2261.5,3.8797
9/9/2013,1800,2197.6,3.7701
9/9/2013,1900,2121.7,3.6399
9/9/2013,2000,2134.2,3.6613
9/9/2013,2100,2129.5,3.6532
9/9/2013,2200,2041.5,3.5022
9/9/2013,2300,1919.7,3.2933
9/9/2013,2400,1766.1,3.0298
9/10/2013,100,1672.9,2.8699
9/10/2013,200,1593.6,2.7338
9/10/2013,300,1543,2.6470
9/10/2013,400,1532.8,2.6295
9/10/2013,500,1555.4,2.6683
9/10/2013,600,1631.2,2.7983
9/10/2013,700,1789.6,3.0700
9/10/2013,800,1879.3,3.2239
9/10/2013,900,1975.1,3.3882
9/10/2013,1000,2089.6,3.5846
9/10/2013,1100,2200,3.7740
9/10/2013,1200,2338.8,4.0121
9/10/2013,1300,2499.2,4.2872
9/10/2013,1400,2624.2,4.5016
9/10/2013,1500,2755.2,4.7263
9/10/2013,1600,2822,4.8409
9/10/2013,1700,2856.2,4.8995
9/10/2013,1800,2865.1,4.9148
9/10/2013,1900,2803.3,4.8088
9/10/2013,2000,2739.7,4.6997
9/10/2013,2100,2733,4.6881
9/10/2013,2200,2616.1,4.4876
9/10/2013,2300,2430.7,4.1696
9/10/2013,2400,2225.6,3.8177
9/11/2013,100,2025.4,3.4743
9/11/2013,200,1938.3,3.3249
9/11/2013,300,1878.4,3.2221
9/11/2013,400,1825.1,3.1307
9/11/2013,500,1812,3.1082
9/11/2013,600,1886.1,3.2353
9/11/2013,700,2009.8,3.4475
9/11/2013,800,2040.8,3.5006
9/11/2013,900,2081.9,3.5711
9/11/2013,1000,2225,3.8166
9/11/2013,1100,2383,4.0876
9/11/2013,1200,2489.5,4.2702
9/11/2013,1300,2614,4.4838
9/11/2013,1400,2673.1,4.5851
9/11/2013,1500,2678.4,4.5942
9/11/2013,1600,2558.9,4.3892
9/11/2013,1700,2439.3,4.1840
9/11/2013,1800,2414.6,4.1417
9/11/2013,1900,2385.6,4.0919
9/11/2013,2000,2364,4.0548
9/11/2013,2100,2380.7,4.0835
9/11/2013,2200,2282.2,3.9145
9/11/2013,2300,2115,3.6277
9/11/2013,2400,1970.6,3.3800
9/12/2013,100,1843,3.1611
9/12/2013,200,1765.1,3.0275
9/12/2013,300,1697.9,2.9123
9/12/2013,400,1675.5,2.8738
9/12/2013,500,1702.9,2.9208
9/12/2013,600,1783.9,3.0597
9/12/2013,700,1930.2,3.3106
9/12/2013,800,2022.3,3.4686
9/12/2013,900,2087.5,3.5804
9/12/2013,1000,2154.2,3.6948
9/12/2013,1100,2249.2,3.8577
9/12/2013,1200,2262.5,3.8805
9/12/2013,1300,2169.9,3.7217
9/12/2013,1400,2184.1,3.7460
9/12/2013,1500,2220.4,3.8083
9/12/2013,1600,2192.1,3.7597
9/12/2013,1700,2168.2,3.7187
9/12/2013,1800,2163,3.7098
9/12/2013,1900,2108.7,3.6167
9/12/2013,2000,2065,3.5417
9/12/2013,2100,2056.1,3.5264
9/12/2013,2200,1962.9,3.3666
9/12/2013,2300,1802.2,3.0909
9/12/2013,2400,1654,2.8367
9/13/2013,100,1558.4,2.6728
9/13/2013,200,1480.5,2.5392
9/13/2013,300,1439.7,2.4692
9/13/2013,400,1433.6,2.4587
9/13/2013,500,1445.6,2.4793
9/13/2013,600,1490.6,2.5565
9/13/2013,700,1652.3,2.8338
9/13/2013,800,1696.8,2.9101
9/13/2013,900,1747.8,2.9975
9/13/2013,1000,1809.6,3.1035
9/13/2013,1100,1854,3.1796
9/13/2013,1200,1868.7,3.2048
9/13/2013,1300,1894.9,3.2498
9/13/2013,1400,1844.1,3.1626
9/13/2013,1500,1813.6,3.1103
9/13/2013,1600,1780.3,3.0532
9/13/2013,1700,1772.7,3.0402
9/13/2013,1800,1722.9,2.9547
9/13/2013,1900,1653.2,2.8352
9/13/2013,2000,1641,2.8143
9/13/2013,2100,1656.7,2.8412
9/13/2013,2200,1605.1,2.7527
9/13/2013,2300,1501.1,2.5743
9/13/2013,2400,1421.1,2.4371
9/14/2013,100,1347.6,2.3110
9/14/2013,200,1295.2,2.2212
9/14/2013,300,1275.8,2.1879
9/14/2013,400,1256.4,2.1546
9/14/2013,500,1237.3,2.1219
9/14/2013,600,1278,2.1917
9/14/2013,700,1302.6,2.2338
9/14/2013,800,1339.6,2.2973
9/14/2013,900,1383.2,2.3720
9/14/2013,1000,1443.6,2.4756
9/14/2013,1100,1487.2,2.5504
9/14/2013,1200,1505.2,2.5812
9/14/2013,1300,1502.1,2.5759
9/14/2013,1400,1517.8,2.6028
9/14/2013,1500,1514.8,2.5977
9/14/2013,1600,1534.6,2.6316
9/14/2013,1700,1548.5,2.6554
9/14/2013,1800,1556.9,2.6698
9/14/2013,1900,1543.3,2.6465
9/14/2013,2000,1566.9,2.6870
9/14/2013,2100,1605.7,2.7535
9/14/2013,2200,1561.6,2.6779
9/14/2013,2300,1476.7,2.5323
9/14/2013,2400,1391.3,2.3858
9/15/2013,100,1302.7,2.2339
9/15/2013,200,1249.8,2.1431
9/15/2013,300,1239.1,2.1248
9/15/2013,400,1216.1,2.0853
9/15/2013,500,1209.4,2.0738
9/15/2013,600,1229.2,2.1078
9/15/2013,700,1252.4,2.1476
9/15/2013,800,1264.8,2.1688
9/15/2013,900,1328.8,2.2786
9/15/2013,1000,1376.6,2.3605
9/15/2013,1100,1423.3,2.4406
9/15/2013,1200,1473.5,2.5267
9/15/2013,1300,1503,2.5772
9/15/2013,1400,1499,2.5704
9/15/2013,1500,1505.4,2.5813
9/15/2013,1600,1522.5,2.6106
9/15/2013,1700,1550.6,2.6588
9/15/2013,1800,1569.6,2.6914
9/15/2013,1900,1562.6,2.6794
9/15/2013,2000,1601.3,2.7457
9/15/2013,2100,1616,2.7709
9/15/2013,2200,1607.4,2.7562
9/15/2013,2300,1558.9,2.6730
9/15/2013,2400,1441.3,2.4713
9/16/2013,100,1389,2.3817
9/16/2013,200,1349.4,2.3137
9/16/2013,300,1330.2,2.2808
9/16/2013,400,1318.2,2.2602
9/16/2013,500,1330.1,2.2806
9/16/2013,600,1406.6,2.4118
9/16/2013,700,1557.4,2.6703
9/16/2013,800,1649.3,2.8279
9/16/2013,900,1707.5,2.9277
9/16/2013,1000,1742,2.9868
9/16/2013,1100,1794.7,3.0772
9/16/2013,1200,1821.8,3.1236
9/16/2013,1300,1822.9,3.1255
9/16/2013,1400,1845.9,3.1649
9/16/2013,1500,1849.1,3.1704
9/16/2013,1600,1855.2,3.1809
9/16/2013,1700,1879.6,3.2227
9/16/2013,1800,1856.4,3.1829
9/16/2013,1900,1816.8,3.1150
9/16/2013,2000,1808.3,3.1004
9/16/2013,2100,1826.6,3.1318
9/16/2013,2200,1736,2.9764
9/16/2013,2300,1601.5,2.7458
9/16/2013,2400,1452.8,2.4909
9/17/2013,100,1383.4,2.3719
9/17/2013,200,1342.1,2.3010
9/17/2013,300,1295.1,2.2205
9/17/2013,400,1271.3,2.1796
9/17/2013,500,1282.6,2.1990
9/17/2013,600,1372.8,2.3536
9/17/2013,700,1482.6,2.5419
9/17/2013,800,1578.9,2.7070
9/17/2013,900,1623.8,2.7839
9/17/2013,1000,1647,2.8237
9/17/2013,1100,1705.8,2.9245
9/17/2013,1200,1719.2,2.9475
9/17/2013,1300,1753.7,3.0066
9/17/2013,1400,1760.5,3.0183
9/17/2013,1500,1806.5,3.0971
9/17/2013,1600,1810.1,3.1033
9/17/2013,1700,1821.6,3.1230
9/17/2013,1800,1808,3.0997
9/17/2013,1900,1776,3.0448
9/17/2013,2000,1748.2,2.9971
9/17/2013,2100,1788,3.0653
9/17/2013,2200,1723.9,2.9554
9/17/2013,2300,1610.7,2.7614
9/17/2013,2400,1485.6,2.5469
9/18/2013,100,1389.7,2.3825
9/18/2013,200,1364,2.3384
9/18/2013,300,1331.5,2.2827
9/18/2013,400,1327.4,2.2756
9/18/2013,500,1343.9,2.3039
9/18/2013,600,1421.4,2.4368
9/18/2013,700,1565.5,2.6838
9/18/2013,800,1603.7,2.7493
9/18/2013,900,1643.9,2.8182
9/18/2013,1000,1695.9,2.9073
9/18/2013,1100,1738.3,2.9800
9/18/2013,1200,1771.2,3.0364
9/18/2013,1300,1821.3,3.1223
9/18/2013,1400,1863.4,3.1944
9/18/2013,1500,1881.4,3.2253
9/18/2013,1600,1885,3.2314
9/18/2013,1700,1884.6,3.2307
9/18/2013,1800,1856.2,3.1820
9/18/2013,1900,1830.5,3.1380
9/18/2013,2000,1801.6,3.0884
9/18/2013,2100,1846.2,3.1649
9/18/2013,2200,1774.7,3.0423
9/18/2013,2300,1659.9,2.8455
9/18/2013,2400,1524.5,2.6134
9/19/2013,100,1423.2,2.4397
9/19/2013,200,1387.6,2.3787
9/19/2013,300,1358.3,2.3284
9/19/2013,400,1380.4,2.3663
9/19/2013,500,1402.5,2.4042
9/19/2013,600,1490.8,2.5555
9/19/2013,700,1631.6,2.7969
9/19/2013,800,1726.8,2.9601
9/19/2013,900,1750,2.9998
9/19/2013,1000,1816.2,3.1133
9/19/2013,1100,1882.7,3.2273
9/19/2013,1200,1926.6,3.3025
9/19/2013,1300,1934.8,3.3166
9/19/2013,1400,1979.3,3.3928
9/19/2013,1500,1995.9,3.4213
9/19/2013,1600,2034.9,3.4881
9/19/2013,1700,2049.9,3.5138
9/19/2013,1800,2040.1,3.4970
9/19/2013,1900,1964.4,3.3672
9/19/2013,2000,1963.8,3.3662
9/19/2013,2100,1954.3,3.3499
9/19/2013,2200,1855.6,3.1807
9/19/2013,2300,1725.3,2.9573
9/19/2013,2400,1600.1,2.7427
9/20/2013,100,1497,2.5660
9/20/2013,200,1439.6,2.4676
9/20/2013,300,1410.9,2.4184
9/20/2013,400,1408.2,2.4138
9/20/2013,500,1414.6,2.4247
9/20/2013,600,1487.8,2.5502
9/20/2013,700,1628.9,2.7920
9/20/2013,800,1695.6,2.9063
9/20/2013,900,1775.5,3.0433
9/20/2013,1000,1872.9,3.2102
9/20/2013,1100,1957.9,3.3559
9/20/2013,1200,1987.5,3.4066
9/20/2013,1300,2059.4,3.5299
9/20/2013,1400,2089.3,3.5811
9/20/2013,1500,2123.8,3.6402
9/20/2013,1600,2149.2,3.6837
9/20/2013,1700,2142.9,3.6729
9/20/2013,1800,2129.3,3.6496
9/20/2013,1900,2052.1,3.5173
9/20/2013,2000,2000.5,3.4288
9/20/2013,2100,1997.1,3.4230
9/20/2013,2200,1911.5,3.2762
9/20/2013,2300,1801.5,3.0877
9/20/2013,2400,1702.9,2.9187
9/21/2013,100,1605.6,2.7519
9/21/2013,200,1533.3,2.6280
9/21/2013,300,1473.3,2.5251
9/21/2013,400,1445.9,2.4782
9/21/2013,500,1433.5,2.4569
9/21/2013,600,1462.8,2.5071
9/21/2013,700,1499,2.5692
9/21/2013,800,1536.4,2.6332
9/21/2013,900,1604.8,2.7505
9/21/2013,1000,1699.1,2.9121
9/21/2013,1100,1749.2,2.9979
9/21/2013,1200,1759.8,3.0161
9/21/2013,1300,1723.2,2.9534
9/21/2013,1400,1694,2.9033
9/21/2013,1500,1653.3,2.8335
9/21/2013,1600,1623.7,2.7828
9/21/2013,1700,1623.5,2.7824
9/21/2013,1800,1616.2,2.7699
9/21/2013,1900,1612.8,2.7641
9/21/2013,2000,1632.6,2.7980
9/21/2013,2100,1639.4,2.8097
9/21/2013,2200,1596.5,2.7361
9/21/2013,2300,1527.5,2.6179
9/21/2013,2400,1433.9,2.4574
9/22/2013,100,1362.5,2.3351
9/22/2013,200,1315.8,2.2550
9/22/2013,300,1260.6,2.1604
9/22/2013,400,1238.7,2.1229
9/22/2013,500,1226.6,2.1021
9/22/2013,600,1241.3,2.1273
9/22/2013,700,1275.2,2.1854
9/22/2013,800,1294.3,2.2181
9/22/2013,900,1325.7,2.2719
9/22/2013,1000,1389.7,2.3816
9/22/2013,1100,1415.7,2.4262
9/22/2013,1200,1452.5,2.4892
9/22/2013,1300,1473.2,2.5247
9/22/2013,1400,1499,2.5689
9/22/2013,1500,1499.5,2.5697
9/22/2013,1600,1498.3,2.5677
9/22/2013,1700,1501.1,2.5725
9/22/2013,1800,1513.4,2.5935
9/22/2013,1900,1521.7,2.6077
9/22/2013,2000,1565.4,2.6826
9/22/2013,2100,1592.3,2.7287
9/22/2013,2200,1542.3,2.6430
9/22/2013,2300,1475.3,2.5282
9/22/2013,2400,1388.4,2.3793
9/23/2013,100,1313.2,2.2504
9/23/2013,200,1272.4,2.1805
9/23/2013,300,1257.9,2.1556
9/23/2013,400,1242.6,2.1294
9/23/2013,500,1244.7,2.1330
9/23/2013,600,1317,2.2569
9/23/2013,700,1444.1,2.4747
9/23/2013,800,1543.7,2.6453
9/23/2013,900,1582.3,2.7115
9/23/2013,1000,1622.4,2.7802
9/23/2013,1100,1659.3,2.8434
9/23/2013,1200,1677.4,2.8744
9/23/2013,1300,1684.7,2.8869
9/23/2013,1400,1678.2,2.8757
9/23/2013,1500,1670.8,2.8631
9/23/2013,1600,1660.7,2.8457
9/23/2013,1700,1660.1,2.8447
9/23/2013,1800,1639.8,2.8099
9/23/2013,1900,1638.8,2.8082
9/23/2013,2000,1683.9,2.8855
9/23/2013,2100,1680.7,2.8800
9/23/2013,2200,1612.3,2.7627
9/23/2013,2300,1516.6,2.5988
9/23/2013,2400,1386.1,2.3751
9/24/2013,100,1307.7,2.2408
9/24/2013,200,1272,2.1796
9/24/2013,300,1262.8,2.1638
9/24/2013,400,1249.6,2.1412
9/24/2013,500,1266.8,2.1707
9/24/2013,600,1344.3,2.3035
9/24/2013,700,1483.2,2.5414
9/24/2013,800,1558.1,2.6698
9/24/2013,900,1582.5,2.7116
9/24/2013,1000,1617.8,2.7721
9/24/2013,1100,1640.9,2.8116
9/24/2013,1200,1653.1,2.8325
9/24/2013,1300,1672.7,2.8661
9/24/2013,1400,1693.6,2.9019
9/24/2013,1500,1708.9,2.9281
9/24/2013,1600,1697.7,2.9089
9/24/2013,1700,1713.8,2.9365
9/24/2013,1800,1705,2.9214
9/24/2013,1900,1680.4,2.8792
9/24/2013,2000,1711.5,2.9325
9/24/2013,2100,1702.6,2.9172
9/24/2013,2200,1639.9,2.8098
9/24/2013,2300,1546.5,2.6498
9/24/2013,2400,1432.8,2.4549
9/25/2013,100,1356.2,2.3237
9/25/2013,200,1304.7,2.2354
9/25/2013,300,1289.2,2.2089
9/25/2013,400,1254.4,2.1492
9/25/2013,500,1275.4,2.1852
9/25/2013,600,1348.1,2.3098
9/25/2013,700,1476.2,2.5292
9/25/2013,800,1551.8,2.6588
9/25/2013,900,1599.1,2.7398
9/25/2013,1000,1644.2,2.8171
9/25/2013,1100,1677.2,2.8736
9/25/2013,1200,1707.2,2.9250
9/25/2013,1300,1734.9,2.9724
9/25/2013,1400,1762.7,3.0200
9/25/2013,1500,1772.4,3.0367
9/25/2013,1600,1776.9,3.0444
9/25/2013,1700,1773.2,3.0380
9/25/2013,1800,1749.9,2.9981
9/25/2013,1900,1708.9,2.9278
9/25/2013,2000,1748.1,2.9950
9/25/2013,2100,1735.6,2.9735
9/25/2013,2200,1653.6,2.8330
9/25/2013,2300,1525.7,2.6139
9/25/2013,2400,1424.2,2.4400
9/26/2013,100,1338.9,2.2939
9/26/2013,200,1272.9,2.1808
9/26/2013,300,1255.7,2.1513
9/26/2013,400,1242.5,2.1287
9/26/2013,500,1260.4,2.1593
9/26/2013,600,1329.4,2.2775
9/26/2013,700,1465.3,2.5104
9/26/2013,800,1531.8,2.6243
9/26/2013,900,1589.3,2.7228
9/26/2013,1000,1630.2,2.7928
9/26/2013,1100,1690.7,2.8965
9/26/2013,1200,1716.6,2.9408
9/26/2013,1300,1738.8,2.9789
9/26/2013,1400,1733.1,2.9691
9/26/2013,1500,1775.4,3.0415
9/26/2013,1600,1823.9,3.1246
9/26/2013,1700,1818.6,3.1155
9/26/2013,1800,1787.4,3.0621
9/26/2013,1900,1738.1,2.9776
9/26/2013,2000,1757.2,3.0103
9/26/2013,2100,1745.2,2.9897
9/26/2013,2200,1647.3,2.8220
9/26/2013,2300,1516.3,2.5976
9/26/2013,2400,1413.2,2.4210
9/27/2013,100,1339.3,2.2944
9/27/2013,200,1298.8,2.2250
9/27/2013,300,1290.4,2.2106
9/27/2013,400,1269.2,2.1742
9/27/2013,500,1280,2.1927
9/27/2013,600,1342.7,2.3001
9/27/2013,700,1487.2,2.5477
9/27/2013,800,1546.9,2.6499
9/27/2013,900,1596.4,2.7347
9/27/2013,1000,1659,2.8420
9/27/2013,1100,1699.6,2.9115
9/27/2013,1200,1747,2.9927
9/27/2013,1300,1779,3.0475
9/27/2013,1400,1824.5,3.1254
9/27/2013,1500,1829.5,3.1340
9/27/2013,1600,1815.2,3.1095
9/27/2013,1700,1807.4,3.0961
9/27/2013,1800,1763.1,3.0202
9/27/2013,1900,1704.4,2.9196
9/27/2013,2000,1693.6,2.9011
9/27/2013,2100,1666.5,2.8547
9/27/2013,2200,1601.7,2.7437
9/27/2013,2300,1524.3,2.6111
9/27/2013,2400,1425,2.4410
9/28/2013,100,1323.9,2.2678
9/28/2013,200,1270.7,2.1767
9/28/2013,300,1232,2.1104
9/28/2013,400,1228,2.1035
9/28/2013,500,1221.7,2.0927
9/28/2013,600,1254.5,2.1489
9/28/2013,700,1304,2.2337
9/28/2013,800,1354.1,2.3195
9/28/2013,900,1413.1,2.4205
9/28/2013,1000,1476.8,2.5296
9/28/2013,1100,1529.8,2.6204
9/28/2013,1200,1553.7,2.6613
9/28/2013,1300,1589.8,2.7232
9/28/2013,1400,1599.7,2.7401
9/28/2013,1500,1601.9,2.7439
9/28/2013,1600,1616.8,2.7694
9/28/2013,1700,1593.3,2.7291
9/28/2013,1800,1591.5,2.7260
9/28/2013,1900,1572.6,2.6936
9/28/2013,2000,1613.4,2.7635
9/28/2013,2100,1614.2,2.7649
9/28/2013,2200,1559.1,2.6705
9/28/2013,2300,1472.3,2.5218
9/28/2013,2400,1378.5,2.3611
9/29/2013,100,1320.2,2.2613
9/29/2013,200,1268.3,2.1724
9/29/2013,300,1227.6,2.1026
9/29/2013,400,1199.7,2.0549
9/29/2013,500,1188.3,2.0353
9/29/2013,600,1217.6,2.0855
9/29/2013,700,1262.4,2.1622
9/29/2013,800,1276.4,2.1862
9/29/2013,900,1338.4,2.2924
9/29/2013,1000,1425.8,2.4421
9/29/2013,1100,1480.4,2.5356
9/29/2013,1200,1517.7,2.5995
9/29/2013,1300,1563.9,2.6786
9/29/2013,1400,1579.3,2.7049
9/29/2013,1500,1623.1,2.7799
9/29/2013,1600,1637.2,2.8041
9/29/2013,1700,1634.8,2.8000
9/29/2013,1800,1649.1,2.8244
9/29/2013,1900,1666.6,2.8544
9/29/2013,2000,1717.8,2.9421
9/29/2013,2100,1703.3,2.9172
9/29/2013,2200,1643.5,2.8148
9/29/2013,2300,1558.7,2.6696
9/29/2013,2400,1439.2,2.4649
9/30/2013,100,1375.6,2.3560
9/30/2013,200,1344,2.3018
9/30/2013,300,1327.2,2.2731
9/30/2013,400,1306.2,2.2371
9/30/2013,500,1320.1,2.2609
9/30/2013,600,1383.7,2.3698
9/30/2013,700,1527,2.6152
9/30/2013,800,1634.8,2.7998
9/30/2013,900,1700.3,2.9120
9/30/2013,1000,1751,2.9988
9/30/2013,1100,1796.7,3.0771
9/30/2013,1200,1812.3,3.1038
9/30/2013,1300,1854.6,3.1762
9/30/2013,1400,1867.9,3.1990
9/30/2013,1500,1866.8,3.1971
9/30/2013,1600,1846.5,3.1623
9/30/2013,1700,1831.6,3.1368
9/30/2013,1800,1818.8,3.1148
9/30/2013,1900,1801.2,3.0847
9/30/2013,2000,1859,3.1837
9/30/2013,2100,1814.8,3.1080
9/30/2013,2200,1746.9,2.9917
9/30/2013,2300,1624,2.7812
9/30/2013,2400,1476.5,2.5286
